City,Cloudiness,Country,Date,Humidity,Lat,Lng,Max Temp,Wind Speed
Denpasar,75,ID,1611523464,94,-8.65,115.2167,78.8,1.14
Kapaa,1,US,1611523515,73,22.0752,-159.319,78.8,13.8
Nabire,100,ID,1611523435,90,-3.3667,135.4833,75.29,5.57
Mampong,0,GH,1611523739,26,7.0627,-1.4001,77.32,4.05
Novopokrovka,0,UA,1611523739,75,49.8425,36.5477,35.6,11.18
Cherskiy,100,RU,1611523536,86,68.75,161.3,-25.06,7.29
Albany,43,US,1611523294,41,42.6001,-73.9662,21.99,3.0
Cape Town,0,ZA,1611523353,55,-33.9258,18.4232,66.99,10.36
Hobart,0,AU,1611523442,40,-42.8794,147.3294,70.0,8.05
Tura,0,IN,1611523529,62,25.5198,90.2201,57.4,2.59
Pevek,100,RU,1611523527,89,69.7008,170.3133,-17.91,8.66
Rikitea,50,PF,1611523494,67,-23.1203,-134.9692,80.29,9.89
Thinadhoo,100,MV,1611523517,72,0.5333,72.9333,81.82,5.75
Punta Arenas,75,CL,1611523294,66,-53.15,-70.9167,53.6,23.02
Port Blair,57,IN,1611523328,69,11.6667,92.75,74.53,7.9
Busselton,0,AU,1611523501,95,-33.65,115.3333,51.01,4.88
Manavālakurichi,20,IN,1611523741,73,8.1333,77.3,78.8,12.77
Udachny,2,RU,1611523741,79,66.4167,112.4,-39.05,2.95
Akdepe,0,TM,1611523461,93,42.0551,59.3788,28.4,9.22
Ushuaia,40,AR,1611523487,54,-54.8,-68.3,57.2,18.41
Lorengau,100,PG,1611523519,70,-2.0226,147.2712,81.43,1.74
Karratha,4,AU,1611523542,39,-20.7377,116.8463,81.27,15.73
Zyryanka,100,RU,1611523741,85,65.75,150.85,-28.82,2.06
Jamestown,75,US,1611523265,58,42.097,-79.2353,27.0,3.44
Tasiilaq,7,GL,1611523496,57,65.6145,-37.6368,14.0,16.11
East London,90,ZA,1611523521,63,-33.0153,27.9116,68.92,8.99
Bāfq,0,IR,1611523742,57,31.6128,55.4107,38.08,0.67
Nanortalik,0,GL,1611523309,88,60.1432,-45.2371,21.13,12.44
Hilo,90,US,1611523392,69,19.7297,-155.09,77.0,5.75
Abalak,100,RU,1611523743,89,58.1286,68.5944,-17.9,9.75
Caucaia,20,BR,1611523743,78,-3.7361,-38.6531,82.4,8.05
Nome,90,US,1611523743,86,64.5011,-165.4064,15.8,8.05
Oksbøl,20,DK,1611523743,93,55.6268,8.2876,32.0,1.14
Tuktoyaktuk,90,CA,1611523507,77,69.4541,-133.0374,-7.6,6.91
Mataura,95,NZ,1611523499,85,-46.1927,168.8643,60.01,18.99
Chapais,90,CA,1611523554,78,49.7834,-74.8492,5.0,5.75
Juradó,95,CO,1611523744,74,7.1053,-77.7641,82.18,3.06
Batagay,94,RU,1611523744,74,67.6333,134.6333,-46.8,2.59
Asău,77,RO,1611523472,68,46.4333,26.4,33.01,2.19
Port Alfred,95,ZA,1611523497,90,-33.5906,26.891,64.99,1.01
Road Town,20,VG,1611523744,65,18.4167,-64.6167,80.6,5.75
Hermanus,27,ZA,1611523303,73,-34.4187,19.2345,66.0,3.0
Bethel,1,US,1611523497,24,41.3712,-73.414,30.2,12.66
Brae,20,GB,1611523494,93,60.3964,-1.353,33.8,4.61
Gunjur,0,GM,1611523745,46,13.2019,-16.7339,73.4,15.12
Vaini,75,TO,1611523495,78,-21.2,-175.2,80.6,4.61
Hayden,90,US,1611523684,80,47.766,-116.7866,28.0,9.22
Milton,45,US,1611523498,48,34.1322,-84.3007,59.0,1.99
Narsaq,0,GL,1611523514,31,60.9167,-46.05,26.6,36.82
Tsimmerbude,90,RU,1611523746,100,54.675,20.1347,34.0,6.71
Rosarito,75,MX,1611523746,62,32.3333,-117.0333,55.4,11.5
Qaanaaq,0,GL,1611523508,79,77.484,-69.3632,7.72,3.11
Lata,100,PT,1611523746,93,40.1629,-8.3327,55.99,1.99
Atuona,8,PF,1611523499,77,-9.8,-139.0333,78.12,14.32
Hamilton,90,US,1611523507,86,39.1834,-84.5333,33.8,4.07
Severo-Kuril'sk,100,RU,1611523520,95,50.6789,156.125,17.92,11.99
San Vicente,85,AR,1611523747,70,-26.6167,-54.1333,77.34,1.81
Saskylakh,3,RU,1611523329,79,71.9167,114.0833,-38.79,6.6
Barrow,1,US,1611523510,77,71.2906,-156.7887,-4.0,17.27
Bluff,98,NZ,1611523517,85,-46.6,168.3333,60.01,18.99
Yellowknife,75,CA,1611523408,77,62.456,-114.3525,-13.0,11.5
Aklavik,90,CA,1611523514,76,68.2191,-135.0107,-20.2,4.16
Hong Kong,89,HK,1611523332,76,22.2855,114.1577,64.0,18.7
Hambantota,92,LK,1611523494,80,6.1241,81.1185,74.32,14.03
Cândido Mendes,100,BR,1611523747,92,-1.4467,-45.7167,76.95,3.85
Castro,100,BR,1611523528,92,-24.7911,-50.0119,66.29,3.04
Fairbanks,97,US,1611523470,82,64.8378,-147.7164,10.0,2.26
New Norfolk,5,AU,1611523506,37,-42.7826,147.0587,73.0,1.01
Cidreira,4,BR,1611523511,80,-30.1811,-50.2056,78.44,12.12
Carnarvon,17,AU,1611523505,68,-24.8667,113.6333,71.6,11.5
Guayaquil,40,EC,1611523517,74,-2.1667,-79.9,84.99,6.91
Ocotal,99,NI,1611523749,68,13.6321,-86.4752,76.05,7.76
Ambon City,40,ID,1611523749,83,-3.6954,128.1814,78.8,10.36
Shimoda,81,JP,1611523337,91,34.6667,138.95,39.99,14.74
Korla,31,CN,1611523749,82,41.7597,86.1469,21.09,3.38
Port Hardy,90,CA,1611523536,93,50.6996,-127.4199,39.2,6.91
Srednekolymsk,100,RU,1611523516,84,67.45,153.6833,-28.59,8.59
Khāsh,0,IR,1611523749,61,28.2211,61.2158,33.8,3.53
Tarakan,75,ID,1611523749,94,3.3,117.6333,75.2,4.61
Avarua,40,CK,1611523295,79,-21.2078,-159.775,84.2,11.5
Ponta do Sol,0,PT,1611523500,75,32.6667,-17.1,60.01,1.99
Lebu,0,CL,1611523496,67,-37.6167,-73.65,59.54,17.98
Caravelas,100,BR,1611523521,75,-17.7125,-39.2481,78.84,7.56
Mount Gambier,90,AU,1611523518,43,-37.8333,140.7667,73.4,5.75
Bredasdorp,78,ZA,1611523323,68,-34.5322,20.0403,66.2,14.97
Kavaratti,9,IN,1611523516,77,10.5669,72.642,81.12,10.69
Khatanga,100,RU,1611523307,87,71.9667,102.5,-18.98,10.16
Ilulissat,0,GL,1611523302,38,69.2167,-51.1,17.6,8.05
Kiama,62,AU,1611523751,88,-34.6833,150.8667,78.01,11.99
Talnakh,85,RU,1611523324,74,69.4865,88.3972,-31.22,3.85
Saint Paul Harbor,1,US,1611523470,48,57.79,-152.4072,37.4,25.32
Namatanai,11,PG,1611523554,76,-3.6667,152.4333,80.74,3.04
San Patricio,90,US,1611523329,83,28.017,-97.5169,78.8,25.32
Jalingo,7,NG,1611523751,18,8.8833,11.3667,78.44,4.7
Porto Belo,40,BR,1611523751,89,-27.1578,-48.5531,78.8,9.22
Pangai,90,TO,1611523571,100,-19.8,-174.35,75.2,11.5
Necochea,21,AR,1611523494,30,-38.5473,-58.7368,92.19,19.33
Paraíso,20,CR,1611523752,47,9.8383,-83.8656,77.0,16.11
Dothan,90,US,1611523609,68,31.2232,-85.3905,66.2,8.05
Mar del Plata,20,AR,1611523456,83,-38.0023,-57.5575,78.8,17.27
Novobirilyussy,89,RU,1611523752,83,56.9514,90.6661,-32.42,5.59
Butaritari,45,KI,1611523522,78,3.0707,172.7902,78.89,9.84
Vallenar,60,CL,1611523752,29,-28.5708,-70.7581,82.4,8.3
Nikolskoye,90,RU,1611523498,87,59.7035,30.7861,35.6,11.18
Pangnirtung,20,CA,1611523513,67,66.1451,-65.7125,12.2,2.3
George Town,40,MY,1611523496,89,5.4112,100.3354,80.01,3.44
Bilma,0,NE,1611523753,23,18.6853,12.9164,62.01,7.92
Saldanha,0,ZA,1611523500,59,-33.0117,17.9442,64.4,8.05
Najrān,59,SA,1611523507,28,17.4924,44.1277,53.6,1.45
College,98,US,1611523545,90,64.8569,-147.8028,10.0,2.17
Alamogordo,75,US,1611523610,29,32.8995,-105.9603,59.0,14.97
Moro,0,PK,1611523753,81,26.6646,68.0016,48.2,5.37
Pisco,0,PE,1611523555,54,-13.7,-76.2167,80.6,13.8
Klaksvík,20,FO,1611523324,80,62.2266,-6.589,35.6,16.11
Clyde River,1,CA,1611523511,100,70.4692,-68.5914,8.6,20.71
Kindu,100,CD,1611523754,97,-2.95,25.95,69.85,2.24
Salaga,0,GH,1611523754,15,8.5508,-0.5188,81.37,1.86
Deputatsky,88,RU,1611523318,82,69.3,139.9,-39.51,4.81
Ormara,0,PK,1611523754,40,25.2088,64.6357,64.81,3.56
São Sebastião,92,BR,1611523754,81,-23.76,-45.4097,78.01,3.18
Biak,100,ID,1611523534,82,-0.9131,122.8766,75.88,8.25
Lagoa,100,PT,1611523532,94,39.05,-27.9833,61.88,20.42
Aksarka,100,RU,1611523755,83,66.5606,67.7975,-29.04,7.61
Longyearbyen,20,SJ,1611523342,57,78.2186,15.6401,15.8,5.75
Maraã,68,BR,1611523755,69,-1.8333,-65.3667,83.44,3.33
Hithadhoo,98,MV,1611523270,71,-0.6,73.0833,81.81,3.67
Provideniya,75,RU,1611523522,78,64.3833,-173.3,3.2,6.71
Severo-Yeniseyskiy,98,RU,1611523755,87,60.3725,93.0408,-27.2,0.85
Māngrol,0,IN,1611523755,28,21.1167,70.1167,64.13,9.75
Aykhal,10,RU,1611523544,80,66.0,111.5,-36.26,3.44
Mandera,59,KE,1611523756,24,3.9366,41.867,84.97,12.39
Dikson,100,RU,1611523506,89,73.5069,80.5464,-13.58,12.59
Oistins,40,BB,1611523756,69,13.0667,-59.5333,80.6,17.27
Norman Wells,75,CA,1611523510,77,65.282,-126.8329,-11.2,4.61
Salou,20,ES,1611523756,71,41.0766,1.1416,55.99,2.3
Agadez,0,NE,1611523756,25,19.75,10.25,58.5,7.02
Paraná,59,AR,1611523733,44,-31.732,-60.5238,96.01,5.99
Susurluk,75,TR,1611523506,67,39.9136,28.1578,55.4,9.22
Yulara,4,AU,1611523531,78,-25.2406,130.9889,77.0,8.05
Saint-Philippe,90,RE,1611523498,78,-21.3585,55.7679,78.8,6.91
Abhā,0,SA,1611523268,41,18.2164,42.5053,59.0,1.03
Kuusamo,90,FI,1611523757,100,65.9667,29.1833,21.2,2.3
Presidencia Roque Sáenz Peña,81,AR,1611523757,56,-26.7852,-60.4388,86.85,6.53
Yārāda,20,IN,1611523758,100,17.65,83.2667,71.6,2.3
Souillac,40,MU,1611523314,88,-20.5167,57.5167,77.0,6.91
Birao,67,CF,1611523758,17,10.2849,22.7882,77.09,6.85
Kruisfontein,70,ZA,1611523505,82,-34.0033,24.7314,64.0,5.01
Vyartsilya,100,RU,1611523758,96,62.1764,30.693,34.48,7.67
Urucará,16,BR,1611523758,53,-2.5364,-57.76,89.06,2.89
Dingle,33,PH,1611523559,92,10.9995,122.6711,74.97,6.55
Kavieng,90,PG,1611523389,72,-2.5744,150.7967,82.92,5.59
Constitución,21,CL,1611523518,66,-35.3333,-72.4167,65.71,12.35
El Seibo,75,DO,1611523759,83,18.7641,-69.0375,78.8,17.27
Japura,74,ID,1611523759,97,-0.3167,102.35,72.7,1.68
Arrondissement de Reims,90,FR,1611523759,93,49.1667,4.0833,35.6,5.75
Tiksi,38,RU,1611523513,79,71.6872,128.8694,-44.73,8.3
Vila Velha,40,BR,1611523540,73,-20.3297,-40.2925,79.0,4.61
Esna,0,EG,1611523759,67,25.2934,32.554,55.4,4.61
Evensk,0,RU,1611523759,77,61.95,159.2333,-20.38,11.41
Iquitos,75,PE,1611523760,66,-3.7481,-73.2472,87.8,4.61
Bacolod City,4,PH,1611523760,84,10.6667,122.95,76.5,6.26
Menongue,62,AO,1611523760,56,-14.6585,17.691,65.46,2.55
Leh,93,IN,1611523760,77,34.1667,77.5833,7.86,0.54
Katsuura,40,JP,1611523330,87,35.1333,140.3,43.0,12.66
Rurrenabaque,75,BO,1611523558,66,-14.4413,-67.5278,87.8,3.09
Mahébourg,40,MU,1611523496,88,-20.4081,57.7,77.0,6.91
Penzance,75,GB,1611523761,75,50.1186,-5.5371,39.2,20.71
Tvøroyri,20,FO,1611523761,75,61.5556,-6.8111,35.6,10.36
Kieta,33,PG,1611523761,68,-6.2167,155.6333,80.1,4.9
Ribeira Grande,75,PT,1611523499,94,38.5167,-28.7,64.4,19.57
Victor Harbor,100,AU,1611523548,64,-35.5667,138.6167,73.99,1.01
Fortuna,75,US,1611523495,100,40.5982,-124.1573,46.0,2.53
Comodoro Rivadavia,75,AR,1611523680,53,-45.8667,-67.5,78.8,9.22
Arraial do Cabo,40,BR,1611523548,78,-22.9661,-42.0278,80.6,17.27
Itarema,100,BR,1611523533,74,-2.9248,-39.9167,81.05,15.3
Port-Gentil,20,GA,1611523762,89,-0.7193,8.7815,80.6,4.61
Kurumkan,100,RU,1611523525,81,54.3,110.3,3.52,3.38
Hasaki,75,JP,1611523542,93,35.7333,140.8333,37.4,9.22
Halden,90,NO,1611523762,93,59.1226,11.3871,32.0,8.05
Chui,0,UY,1611523327,71,-33.6971,-53.4616,77.74,10.63
Viedma,0,AR,1611523763,11,-40.8135,-62.9967,103.91,16.42
Barra da Estiva,42,BR,1611523763,81,-13.6261,-41.3269,69.6,7.72
Bluefields,40,NI,1611523763,83,12.0137,-83.7635,80.6,4.61
San Luis,62,AR,1611523558,23,-33.295,-66.3356,93.29,8.3
Majengo,99,TZ,1611523763,95,-5.15,38.9833,73.04,5.68
Saraland,94,US,1611523763,92,30.8207,-88.0706,66.0,1.01
Arlit,1,NE,1611523764,20,18.7369,7.3853,64.49,11.27
Meadow Lake,75,US,1611523764,28,34.8014,-106.5436,52.0,23.02
Buala,20,SB,1611523764,66,-8.145,159.5921,81.37,4.79
Airai,96,TL,1611523501,100,-8.9266,125.4092,61.2,1.45
Kumul,18,CN,1611523517,81,42.8,93.45,17.49,5.3
Faanui,0,PF,1611523764,73,-16.4833,-151.75,81.32,12.71
Kaitangata,100,NZ,1611523497,76,-46.2817,169.8464,58.33,6.42
Sinegor'ye,94,RU,1611523765,79,62.0788,150.477,-32.3,1.19
Mana,74,GF,1611523765,77,5.6592,-53.7767,78.69,10.33
Vardø,75,NO,1611523765,86,70.3705,31.1107,24.8,17.27
Joutseno,100,FI,1611523765,96,61.118,28.5076,34.0,1.01
Port Elizabeth,90,ZA,1611523425,88,-33.918,25.5701,64.4,9.22
Upernavik,34,GL,1611523510,94,72.7868,-56.1549,14.4,14.83
Shuangcheng,75,CN,1611523766,84,45.35,126.2833,-2.2,2.24
Saint George,1,US,1611523279,49,37.1041,-113.5841,52.0,4.81
Uyemskiy,90,RU,1611523766,93,64.4743,40.8524,28.4,4.47
Vestmannaeyjar,99,IS,1611523513,86,63.4427,-20.2734,31.8,10.22
Coquimbo,0,CL,1611523533,64,-29.9533,-71.3436,69.8,13.8
Āsosa,47,ET,1611523766,41,10.0667,34.5333,69.13,4.61
Northam,97,GB,1611523766,81,51.0333,-4.2167,37.99,13.0
Fayaoué,57,NC,1611523767,80,-20.65,166.5333,79.18,28.41
Los Llanos de Aridane,75,ES,1611523512,77,28.6585,-17.9182,66.2,6.91
Caoayan,0,PH,1611523767,76,17.5619,120.3975,75.33,5.01
Sarangani,87,PH,1611523767,78,5.4033,125.4636,81.63,19.13
Bathsheba,40,BB,1611523536,69,13.2167,-59.5167,80.6,17.27
Tuy Hoa,81,VN,1611523767,89,13.0833,109.3,65.55,3.78
Port Hedland,93,AU,1611523767,73,-20.3167,118.5667,78.8,10.36
Antofagasta,20,CL,1611523563,68,-23.65,-70.4,69.8,13.8
Flinders,53,AU,1611523307,83,-34.5833,150.8552,75.99,1.01
Thompson,75,CA,1611523510,77,55.7435,-97.8558,-9.4,11.5
Ostrovnoy,100,RU,1611523768,95,68.0531,39.5131,13.14,10.98
Grand Baie,9,MU,1611523768,90,-20.0182,57.5802,75.0,1.99
Mehamn,40,NO,1611523518,73,71.0357,27.8492,21.2,8.05
Lüderitz,100,NA,1611523497,56,-26.6481,15.1594,69.13,26.26
Umluj,0,SA,1611523768,54,25.0213,37.2685,72.41,8.9
Acapulco de Juárez,40,MX,1611523562,70,16.8634,-99.8901,86.0,9.22
Umba,98,RU,1611523769,98,66.6871,34.3429,23.43,4.94
Kanigoro,82,ID,1611523769,82,-8.13,112.219,72.73,3.18
Nuuk,20,GL,1611523769,63,64.1835,-51.7216,19.4,13.8
Half Moon Bay,75,US,1611523558,81,37.4636,-122.4286,52.0,8.05
Araouane,82,ML,1611523522,17,18.9048,-3.5265,70.68,9.51
Broome,1,US,1611523769,62,42.2506,-75.833,21.99,12.66
Vao,100,NC,1611523769,76,-22.6667,167.4833,76.24,23.69
Aasiaat,0,GL,1611523770,81,68.7098,-52.8699,9.79,3.58
Robertsport,0,LR,1611523770,83,6.7533,-11.3686,79.38,10.56
Beruwala,100,LK,1611523770,83,6.4788,79.9828,75.99,3.67
Marsh Harbour,100,BS,1611523514,83,26.5412,-77.0636,70.48,19.66
Cockburn Town,75,TC,1611523551,73,21.4612,-71.1419,77.0,10.36
Yerbogachën,97,RU,1611523770,82,61.2767,108.0108,-34.71,2.84
Ahipara,40,NZ,1611523770,85,-35.1667,173.1667,69.57,8.79
Panabá,47,MX,1611523771,62,21.2833,-88.2667,83.57,10.33
Cobija,100,BO,1611523771,97,-11.0267,-68.7692,71.8,2.62
South River,99,US,1611523524,36,40.4465,-74.386,33.01,12.01
Kenora,40,CA,1611523771,71,49.8167,-94.4337,-2.0,9.22
Mitsamiouli,100,KM,1611523546,72,-11.3847,43.2844,81.23,5.35
Lae,40,PG,1611523771,83,-6.7221,146.9847,77.0,8.05
Prainha,96,BR,1611523771,89,-1.8,-53.48,79.61,3.78
Linhares,7,BR,1611523513,78,-19.3911,-40.0722,77.56,5.91
Bonavista,0,CA,1611523772,74,48.6499,-53.1147,27.0,5.75
Athabasca,100,CA,1611523772,77,54.7169,-113.2854,-7.6,8.05
Iqaluit,20,CA,1611523419,78,63.7506,-68.5145,1.4,2.3
Naze,89,JP,1611523549,85,28.3667,129.4833,62.49,14.94
Alice Springs,40,AU,1611523310,65,-23.7,133.8833,78.8,8.05
Natchitoches,90,US,1611523773,94,31.7668,-93.1335,68.0,6.91
Luwuk,100,ID,1611523773,75,-0.9516,122.7875,77.65,6.38
Trairi,100,BR,1611523773,75,-3.2778,-39.2689,80.6,11.01
Sayyan,63,YE,1611523773,50,15.1718,44.3244,45.82,3.78
Altay,100,CN,1611523773,89,47.8667,88.1167,3.2,0.76
Acaraú,100,BR,1611523773,72,-2.8856,-40.12,81.66,17.4
Tilichiki,100,RU,1611523532,91,60.4667,166.1,-9.42,15.77
Wattegama,100,LK,1611523774,89,6.7989,81.4808,69.12,5.53
Maltahöhe,67,NA,1611523774,38,-24.8333,16.9833,78.28,13.67
Yambio,38,SS,1611523774,47,4.5721,28.3955,77.11,1.36
Banda Aceh,11,ID,1611523774,82,5.5577,95.3222,76.68,10.04
Nogliki,2,RU,1611523774,81,51.8333,143.1667,-21.91,10.83
Puerto Ayacucho,100,VE,1611523774,73,5.6639,-67.6236,84.18,3.78
Durban,90,ZA,1611523632,94,-29.8579,31.0292,66.2,12.66
Ponta Delgada,75,PT,1611523774,94,37.7333,-25.6667,64.0,13.8
Horasan,55,TR,1611523775,77,40.0458,42.1728,7.77,0.92
Muros,100,ES,1611523538,92,42.7762,-9.0603,53.01,5.01
Bandar-e Anzali,0,IR,1611523775,72,37.4727,49.4622,44.29,2.91
Tadine,96,NC,1611523775,79,-21.55,167.8833,76.93,20.0
Makarov,0,RU,1611523775,87,48.6333,142.8,-3.24,3.74
Samarai,81,PG,1611523775,85,-10.6167,150.6667,78.35,13.47
Blackwater,3,AU,1611523775,76,-23.5833,148.8833,72.88,9.69
Lovozero,83,RU,1611523776,93,68.005,35.0117,8.24,1.57
St. George's,20,GD,1611523776,70,12.0564,-61.7485,84.2,18.41
Payson,90,US,1611523776,75,40.0444,-111.7321,37.0,6.91
Verkhnevilyuysk,49,RU,1611523776,75,63.4453,120.3167,-48.89,3.29
Fort Nelson,90,CA,1611523593,71,58.8053,-122.7002,1.4,2.1
Onguday,87,RU,1611523776,82,50.75,86.15,-6.27,1.9
Pirganj,0,BD,1611523776,53,25.8523,88.3618,60.62,2.98
Timmins,90,CA,1611523776,79,48.4669,-81.3331,14.0,9.22
Newport,85,GB,1611523777,94,51.5877,-2.9984,36.0,3.0
Saint-Pierre,90,RE,1611523533,78,-21.3393,55.4781,78.8,6.91
Waddān,0,LY,1611523777,36,29.1614,16.139,57.47,4.99
Guerrero Negro,9,MX,1611523777,47,27.9769,-114.0611,62.74,20.56
Verāval,0,IN,1611523777,26,20.9,70.3667,66.63,11.48
Dukat,81,RU,1611523481,79,62.55,155.55,-40.05,4.5
Santo Tomas,75,PH,1611523778,89,14.1079,121.1414,80.01,2.3
Itoman,40,JP,1611523778,82,26.1247,127.6694,64.4,4.61
Maragogi,56,BR,1611523348,79,-9.0122,-35.2225,78.82,11.54
Mahajanga,20,MG,1611523778,88,-15.7167,46.3167,77.0,4.61
Chokurdakh,100,RU,1611523526,82,70.6333,147.9167,-31.34,11.68
Virginia Beach,75,US,1611523624,45,36.8529,-75.978,42.01,5.75
The Valley,20,AI,1611523519,73,18.217,-63.0578,80.6,9.22
Sisophon,35,KH,1611523778,78,13.5859,102.9737,74.5,4.72
Carauari,74,BR,1611523779,85,-4.8828,-66.8958,82.22,0.54
Sioux Lookout,75,CA,1611523779,78,50.1001,-91.917,3.2,12.66
Tucuruí,67,BR,1611523779,84,-3.7661,-49.6725,81.05,3.62
Clarence Town,13,AU,1611523779,83,-32.5833,151.7833,71.6,5.75
Changping,100,CN,1611523779,80,40.2186,116.2197,32.0,2.24
Leirvik,19,NO,1611523779,83,59.7798,5.5005,30.99,3.0
Beloha,12,MG,1611523780,86,-25.1667,45.05,76.41,9.82
Kahului,20,US,1611523539,51,20.8947,-156.47,82.4,3.44
Belmonte,90,BR,1611523500,94,-15.8631,-38.8828,78.8,2.3
Makassar,40,ID,1611523780,100,-5.14,119.4221,73.4,2.3
Lethem,17,GY,1611523781,56,3.3803,-59.7968,86.27,12.8
Kenai,90,US,1611523541,86,60.5544,-151.2583,34.0,4.61
Katherine,90,AU,1611523781,94,-14.4667,132.2667,77.0,4.03
Puerto Ayora,40,EC,1611523499,65,-0.7393,-90.3518,84.2,14.97
Xining,100,CN,1611523527,93,36.6167,101.7667,16.18,0.87
Alofi,75,NU,1611523506,74,-19.0595,-169.9187,82.4,5.75
Abéché,9,TD,1611523781,18,13.8292,20.8324,75.2,11.32
Araguaçu,50,BR,1611523781,64,-12.9306,-49.8264,85.69,2.82
Vostok,2,RU,1611523782,92,46.4856,135.8833,0.21,2.51
Ayagoz,0,KZ,1611523782,88,47.9714,80.4392,-16.56,5.53
Cabo San Lucas,1,MX,1611523439,52,22.8909,-109.9124,72.0,18.41
Māvelikara,38,IN,1611523782,89,9.2667,76.55,71.85,5.23
Cândido de Abreu,100,BR,1611523782,87,-24.5669,-51.3333,75.25,1.43
Lazurne,75,UA,1611523782,93,46.084,32.5295,48.2,13.42
Amapá,6,BR,1611523782,77,1.0,-52.0,80.1,4.54
Uribia,64,CO,1611523783,43,11.7139,-72.266,88.45,21.03
Lompoc,90,US,1611523524,67,34.6391,-120.4579,55.4,13.8
Răuseni,1,RO,1611523783,96,47.5667,27.2,41.0,1.99
Wanning,29,CN,1611523783,86,18.8003,110.3967,67.6,3.42
Lubango,100,AO,1611523783,74,-14.9172,13.4925,59.65,3.44
Esperance,75,AU,1611523305,94,-33.8667,121.9,57.2,3.44
Saryagash,63,KZ,1611523783,86,41.4511,69.1701,28.4,4.61
Horki,100,BY,1611523784,98,54.2861,30.9842,37.15,16.33
Yar-Sale,100,RU,1611523556,80,66.8333,70.8333,-34.67,10.65
Chernigovka,0,RU,1611523784,91,44.3389,132.5728,5.29,4.68
Caucayá,41,CO,1611523784,90,-0.1934,-74.7819,80.08,2.44
Ogulin,100,HR,1611523784,94,45.2661,15.2286,42.01,3.0
Skudai,20,MY,1611523784,94,1.5333,103.6667,77.0,4.25
Bengkulu,92,ID,1611523495,80,-3.8004,102.2655,77.63,4.43
Pacific Grove,90,US,1611523690,71,36.6177,-121.9166,52.0,9.22
Havre-St-Pierre,90,CA,1611523549,64,50.2334,-63.5986,35.6,17.27
Vila,100,PT,1611523785,93,42.0304,-8.1588,48.0,5.99
Tiarei,20,PF,1611523785,62,-17.5333,-149.3333,87.8,18.41
Dejen,53,ET,1611523785,46,10.1667,38.1333,55.74,2.37
Mattru,0,SL,1611523785,80,7.6244,-11.8332,75.31,4.12
Bandarbeyla,98,SO,1611523535,69,9.4942,50.8122,74.84,20.4
Beihai,46,CN,1611523786,93,21.4833,109.1,64.45,9.78
Sabha,0,LY,1611523544,38,27.0377,14.4283,54.9,7.38
Cabedelo,75,BR,1611523786,78,-6.9811,-34.8339,80.6,8.05
Awjilah,0,LY,1611523786,33,29.1081,21.2869,57.83,10.36
Taitung City,97,TW,1611523786,75,22.7583,121.1444,64.08,9.26
Sassandra,0,CI,1611523786,87,4.95,-6.0833,78.37,7.36
Ziway,0,ET,1611523786,46,7.9333,38.7167,63.66,13.38
Tomatlán,15,MX,1611523334,45,19.9333,-105.25,85.68,10.07
Cam Ranh,0,VN,1611523787,88,11.9214,109.1591,69.8,3.44
Adrar,100,MR,1611523532,17,20.5022,-10.0711,68.86,8.66
Pathein,83,MM,1611523748,85,16.7833,94.7333,64.06,5.28
Yelizovo,90,RU,1611523787,71,53.1873,158.3805,-0.4,8.95
Bourne,75,GB,1611523586,100,52.7667,-0.3833,32.0,4.61
Monrovia,20,LR,1611523787,94,6.3005,-10.7969,78.8,8.34
Togur,56,RU,1611523787,76,58.3631,82.8265,-50.93,3.78
Flin Flon,1,CA,1611523788,70,54.7682,-101.865,-13.0,11.5
Emba,100,KZ,1611523788,98,48.8264,58.1442,22.91,6.64
Ville-Marie,90,CA,1611523788,66,47.3335,-79.433,6.8,4.61
Departamento de Maldonado,20,UY,1611523788,65,-34.6667,-54.9167,80.6,14.97
Chicama,40,PE,1611523494,83,-7.8447,-79.1469,73.4,9.22
Yabrūd,0,SY,1611523788,60,33.9674,36.6574,41.0,4.0
Pāveh,0,IR,1611523589,74,35.0434,46.3565,32.11,5.48
Beringovskiy,80,RU,1611523348,89,63.05,179.3167,-3.71,12.21
Fomboni,80,KM,1611523789,70,-12.28,43.7425,82.9,7.0
Kiryat Gat,0,IL,1611523558,100,31.61,34.7642,53.01,4.0
Puerto Baquerizo Moreno,75,EC,1611523789,83,-0.9,-89.6,82.4,11.5
Tynda,24,RU,1611523789,76,55.1667,124.7167,-31.88,1.07
La Ronge,45,CA,1611523789,69,55.1001,-105.2842,-20.2,3.44
Okhotsk,7,RU,1611523789,78,59.3833,143.3,-21.8,16.96
Severobaykal'sk,100,RU,1611523789,81,55.65,109.3167,-0.72,6.08
San Julián,99,MX,1611523790,21,21.0167,-102.1667,75.24,13.49
Dubbo,72,AU,1611523790,36,-32.25,148.6167,80.6,5.75
Sobolevo,100,RU,1611523790,98,54.4299,31.8996,36.86,16.06
Sorong,100,ID,1611523790,79,-0.8833,131.25,80.22,5.7
Williston,100,US,1611523701,81,48.147,-103.618,10.99,1.99
Taoudenni,22,ML,1611523537,20,22.6783,-3.9836,71.42,10.67
Gorontalo,100,ID,1611523790,87,0.5412,123.0595,74.44,1.86
Cayenne,75,GF,1611523500,78,4.9333,-52.3333,80.6,8.05
Porbandar,0,IN,1611523791,27,21.6422,69.6093,64.0,11.86
Halifax,98,CA,1611523665,93,44.6453,-63.5724,26.6,8.05
Parrita,20,CR,1611523791,47,9.5201,-84.3225,82.4,16.11
Kaeo,16,NZ,1611523514,74,-35.1,173.7833,73.99,5.99
Leshukonskoye,100,RU,1611523542,98,64.8989,45.7622,27.45,7.72
Seoul,54,KR,1611523527,93,37.5683,126.9778,32.0,2.3
Moranbah,54,AU,1611523792,84,-22.0016,148.0466,71.28,10.89
Haapiti,20,PF,1611523792,62,-17.5667,-149.8667,87.8,18.41
Sos'va,100,RU,1611523792,90,59.1766,61.8558,-10.95,3.62
Gambēla,8,ET,1611523792,39,8.25,34.5833,80.71,3.62
Vila Franca do Campo,75,PT,1611523543,94,37.7167,-25.4333,64.0,13.8
Ancud,75,CL,1611523516,59,-41.8697,-73.8203,62.6,6.91
Tanout,0,NE,1611523793,20,14.9709,8.8879,64.27,13.4
Mango,90,US,1611523793,53,27.9797,-82.3065,78.8,1.41
Gilbués,59,BR,1611523793,57,-9.8317,-45.3439,80.37,2.68
Linden,20,GY,1611523793,74,6.0,-58.3,82.4,11.5
Camocim,98,BR,1611523793,76,-2.9022,-40.8411,80.92,12.77
Saint-Joseph,90,RE,1611523793,78,-21.3667,55.6167,78.8,6.91
Moree,0,AU,1611523793,68,-29.4667,149.85,73.4,16.11
Maniitsoq,91,GL,1611523494,76,65.4167,-52.9,16.36,4.43
Tuatapere,87,NZ,1611523794,85,-46.1333,167.6833,60.01,18.99
São Filipe,0,CV,1611523311,70,14.8961,-24.4956,72.05,5.1
Port-Cartier,92,CA,1611523794,64,50.0334,-66.8654,35.01,9.22
Manerbio,3,IT,1611523794,100,45.3558,10.1352,33.01,2.3
Mossamedes,100,AO,1611523295,76,-15.1961,12.1522,75.99,6.13
Siniscola,40,IT,1611523794,71,40.5719,9.6922,50.0,11.5
Marihatag,18,PH,1611523794,87,8.7936,126.2969,75.02,3.76
Daud Khel,0,PK,1611523795,41,32.875,71.5701,46.85,1.83
Gaspar,40,BR,1611523795,89,-26.9314,-48.9589,78.8,9.22
Gao,4,ML,1611523521,18,16.6362,1.637,68.7,12.75
Rancho Palos Verdes,40,US,1611523696,51,33.7445,-118.387,60.01,6.91
Khovd,100,MN,1611523795,66,48.0056,91.6419,3.67,9.37
La Providencia,0,MX,1611523795,66,28.7167,-111.5833,64.0,11.99
Raudeberg,0,NO,1611523515,65,61.9875,5.1352,37.4,9.22
Panguna,59,PG,1611523796,82,-6.3164,155.4848,71.33,0.45
Khandyga,98,RU,1611523796,75,62.6667,135.6,-53.32,1.05
Marzuq,20,YE,1611523796,35,14.4,46.4667,55.87,2.24
Zorritos,75,PE,1611523796,74,-3.6805,-80.6782,82.4,5.75
Saint Anthony,1,US,1611523550,58,45.0205,-93.218,26.6,4.61
Nicoya,0,CR,1611523542,40,10.1483,-85.452,91.4,18.41
Pontianak,75,ID,1611523797,100,-0.0333,109.3333,77.0,3.44
Laas,0,IT,1611523429,74,46.6166,10.7002,28.4,2.3
Faya,0,SA,1611523543,41,18.3851,42.4509,59.0,1.41
Ryōtsu-minato,32,JP,1611523797,68,38.0833,138.4333,41.56,6.29
Preeceville,7,CA,1611523797,87,51.95,-102.6677,-11.85,1.68
Havelock,1,US,1611523797,31,34.8791,-76.9013,48.2,3.44
Pandan,5,PH,1611523797,88,14.0453,124.1694,77.5,6.04
Sovetskiy,100,RU,1611523798,88,61.3614,63.5842,-17.32,6.42
Atbasar,100,KZ,1611523798,93,51.8,68.3333,1.54,11.1
Saurimo,97,AO,1611523798,96,-9.6608,20.3916,65.41,4.94
Fālākāta,3,IN,1611523793,67,26.5208,89.2055,60.17,4.25
Brownwood,90,US,1611523798,100,31.7093,-98.9912,62.6,12.66
Hutchinson,90,US,1611523642,75,38.0608,-97.9298,35.6,9.22
Thai Binh,90,VN,1611523798,88,20.45,106.3333,68.0,5.75
Porteirinha,66,BR,1611523799,76,-15.7433,-43.0283,74.57,7.83
Geraldton,50,AU,1611523324,65,-28.7667,114.6,69.82,11.36
Requena,0,ES,1611523799,55,39.4883,-1.1004,59.0,20.71
Culaman,90,PH,1611523799,78,5.9603,125.6586,78.67,13.09
Ust-Kuyga,100,RU,1611523799,76,70.0167,135.6,-45.2,4.72
Codrington,65,AU,1611523509,50,-38.2667,141.9667,69.8,5.5
Gari,100,RU,1611523800,90,59.4307,62.3497,-12.6,4.21
Meulaboh,72,ID,1611523530,84,4.1363,96.1285,76.96,3.62
Santiago del Estero,94,AR,1611523538,40,-27.7951,-64.2615,93.92,6.2
Harper,0,LR,1611523800,86,4.375,-7.7169,78.66,9.19
Aitape,86,PG,1611523543,80,-3.1374,142.3475,78.84,3.87
Bocaiúva,0,BR,1611523800,39,-17.1078,-43.815,82.4,8.05
Burns Lake,100,CA,1611523528,73,54.2331,-125.7533,19.4,1.14
Yuma,20,US,1611523800,55,32.7253,-114.6244,60.01,12.66
Westport,1,US,1611523521,25,41.1415,-73.3579,33.8,11.5
Saint-André-Avellin,20,CA,1611523801,53,45.7168,-75.066,15.8,10.36
Hofn,1,IS,1611523534,88,64.2539,-15.2082,28.63,19.66
Burriana,0,ES,1611523801,58,39.889,-0.085,57.99,6.91
Malartic,40,CA,1611523801,61,48.1335,-78.1328,10.99,4.61
Rapid Valley,40,US,1611523805,64,44.0625,-103.1463,35.01,21.85
Paamiut,0,GL,1611523805,78,61.994,-49.6678,21.15,13.82
Uíge,100,AO,1611523806,93,-7.6087,15.0613,65.95,0.74
Ilhabela,95,BR,1611523590,78,-23.7781,-45.3581,78.13,3.58
Idritsa,100,RU,1611523806,95,56.3316,28.8988,38.71,11.45
Maun,75,BW,1611523806,94,-19.9833,23.4167,77.0,2.3
Gravdal,75,NO,1611523806,80,68.1214,13.5031,24.8,6.91
Mareeba,100,AU,1611523807,83,-17.0,145.4333,73.4,2.3
Almaznyy,90,RU,1611523807,100,48.0448,40.045,32.0,17.9
Natal,75,BR,1611523534,88,-5.795,-35.2094,77.0,9.22
Batagay-Alyta,94,RU,1611523807,78,67.8006,130.4114,-36.06,1.39
Paita,40,PE,1611523555,61,-5.0892,-81.1144,84.2,11.5
Dawei,0,MM,1611523807,89,14.0833,98.2,66.72,2.62
Princeton,20,US,1611523808,57,25.5384,-80.4089,80.6,8.05
Salalah,0,OM,1611523548,37,17.0151,54.0924,71.6,6.91
Tazovsky,15,RU,1611523560,80,67.4667,78.7,-40.5,3.78
Paracuru,99,BR,1611523808,78,-3.41,-39.0306,81.0,14.0
Vilhena,40,BR,1611523808,88,-12.7406,-60.1458,73.4,4.61
Atasū,30,KZ,1611523516,88,48.6814,71.6433,-9.72,3.04
Muzhi,100,RU,1611523809,86,65.3667,64.6667,-24.03,6.17
Aswān,0,EG,1611523809,35,24.0934,32.907,56.34,9.91
Le Port,75,RE,1611523809,83,-20.9373,55.2919,77.0,13.8
Owando,100,CG,1611523809,89,-0.4819,15.8999,73.27,3.49
Bairnsdale,2,AU,1611523810,55,-37.8333,147.6167,84.0,9.69
Hūn,0,LY,1611523810,36,29.1268,15.9477,57.54,6.29
Ouallam,0,NE,1611523558,17,14.3188,2.0866,72.7,8.79
Surin,19,TH,1611523810,74,14.8818,103.4936,72.0,4.03
Hobyo,79,SO,1611523528,72,5.3505,48.5268,75.99,19.15
Yumen,0,CN,1611523524,87,40.2833,97.2,17.29,7.94
Padang,40,ID,1611523333,94,-0.9492,100.3543,73.4,4.61
Porto-Novo,20,BJ,1611523318,83,6.4965,2.6036,82.4,8.05
Shingū,24,JP,1611523523,81,33.7333,135.9833,44.02,6.35
Tabou,0,CI,1611523811,88,4.423,-7.3528,78.48,8.19
Shestakovo,100,RU,1611523811,89,56.4915,103.96,-4.68,2.1
Sumbe,38,AO,1611523811,78,-11.2061,13.8437,75.83,5.59
Coos Bay,90,US,1611523324,81,43.3665,-124.2179,44.6,19.57
Ol'ga,1,RU,1611523812,89,43.7444,135.2892,20.01,6.96
Kayiry,100,UA,1611523812,93,46.9454,33.7059,43.52,16.82
Skjervøy,75,NO,1611523812,73,70.0311,20.9714,19.4,27.63
Poplar Bluff,90,US,1611523754,93,36.757,-90.3929,46.4,4.18
Whitehorse,75,CA,1611523556,85,60.7161,-135.0538,12.2,6.91
Hov,15,NO,1611523812,91,60.6987,10.3519,10.0,3.29
Bratsk,98,RU,1611523666,84,56.1325,101.6142,-2.0,2.24
Tucumcari,40,US,1611523709,60,35.1717,-103.725,41.0,6.91
La Santisima Trinidad,75,BO,1611523813,94,-14.8333,-64.9,75.2,3.44
Nouakchott,86,MR,1611523813,6,18.0858,-15.9785,75.2,9.22
Kirakira,100,SB,1611523813,73,-10.4544,161.9205,83.32,7.49
Aleksandrov Gay,47,RU,1611523813,98,50.147,48.5704,27.52,13.35
Doka,15,SD,1611523813,41,13.5167,35.7667,75.92,13.6
Ishigaki,20,JP,1611523814,77,24.3448,124.1572,60.8,9.22
Griffith,90,US,1611523814,75,41.5284,-87.4237,34.0,3.44
Rocha,0,UY,1611523814,72,-34.4833,-54.3333,76.48,10.22
Peace River,75,CA,1611523814,66,56.2501,-117.286,3.2,8.05
Nemuro,0,JP,1611523534,91,43.3236,145.575,29.26,3.24
Bosobolo,27,CD,1611523814,31,4.1833,19.9,78.75,0.89
Nísia Floresta,75,BR,1611523814,88,-6.0911,-35.2086,77.0,9.22
Pallisa,44,UG,1611523815,71,1.145,33.7094,71.42,5.61
Kitaibaraki,46,JP,1611523815,77,36.7833,140.75,35.01,6.29
Martin,75,US,1611523815,73,27.0837,-80.4164,80.01,11.5
Zaraza,90,VE,1611523815,65,9.3503,-65.3245,80.58,10.4
Labuhan,100,ID,1611523815,89,-6.8844,112.2051,76.57,8.48
Mananara,6,MG,1611523816,87,-16.1667,49.7667,75.96,0.4
Mayumba,86,GA,1611523816,86,-3.432,10.6554,78.37,5.35
Bambous Virieux,40,MU,1611523496,88,-20.3428,57.7575,77.0,6.91
Tual,96,ID,1611523517,75,-5.6667,132.75,83.93,13.33
Dolzhanskaya,100,RU,1611523816,53,46.6311,37.8039,30.99,15.01
Vancouver,90,CA,1611523522,93,49.2497,-123.1193,37.4,10.36
Kuril'sk,100,RU,1611523816,94,45.2333,147.8833,21.49,16.33
Palatka,83,US,1611523683,85,29.6486,-81.6376,69.01,6.71
Lubao,40,PH,1611523817,83,14.9167,120.55,77.0,4.61
Brattvåg,40,NO,1611523817,64,62.6002,6.4434,33.8,12.66
Goderich,100,CA,1611523817,86,43.7501,-81.7165,24.8,9.22
Lavrentiya,100,RU,1611523817,87,65.5833,-171.0,1.29,2.17
Yacuiba,100,BO,1611523817,77,-22.038,-63.6797,77.47,2.75
Juba,54,SS,1611523818,43,4.8517,31.5825,80.11,2.62
Coahuayana Viejo,40,MX,1611523818,42,18.7333,-103.6833,82.4,6.91
Bowen,34,AU,1611523818,83,-20.0167,148.2333,75.2,7.9
Mapiripán,92,CO,1611523818,73,2.8892,-72.1256,82.35,4.68
Glendive,40,US,1611523818,79,47.1053,-104.7125,17.6,10.36
Yeppoon,75,AU,1611523818,78,-23.1333,150.7333,75.2,8.05
Polis,20,CY,1611523819,71,35.0367,32.4264,50.0,9.22
Banjar,75,ID,1611523819,94,-8.19,114.9675,78.8,1.14
Rock Springs,90,US,1611523819,69,41.5875,-109.2029,28.4,4.61
Kirkuk,0,IQ,1611523819,51,35.4681,44.3922,46.17,4.83
Timaru,68,NZ,1611523819,59,-44.4,171.25,72.0,4.0
Hanyang,45,CN,1611523819,65,32.1371,105.5126,32.0,25.01
Senno,100,RU,1611523820,93,59.5336,33.9167,33.01,7.2
Chiredzi,100,ZW,1611523820,91,-21.05,31.6667,72.14,7.74
Chagoda,100,RU,1611523820,97,59.164,35.3285,34.68,6.35
Dzilam González,95,MX,1611523820,58,21.2833,-88.9333,83.84,8.23
Colesberg,0,ZA,1611523820,66,-30.72,25.0972,62.15,21.94
Sola,90,VU,1611523507,100,-13.8833,167.55,78.8,12.84
Causapscal,99,CA,1611523820,1,48.3542,-67.227,30.0,10.78
Baiyin,74,CN,1611523821,92,36.5583,104.2081,25.0,4.47
General Pico,0,AR,1611523821,14,-35.6566,-63.7568,102.92,11.7
Egvekinot,0,RU,1611523543,86,66.3167,-179.1667,-3.01,7.81
Roald,40,NO,1611523526,64,62.5833,6.1333,34.0,12.66
Coyhaique,75,CL,1611523822,41,-45.5752,-72.0662,60.8,5.75
Bilecik Province,75,TR,1611523822,81,40.0,30.1667,51.8,4.61
Topolobampo,20,MX,1611523822,45,25.6,-109.05,71.01,10.36
Ségou,0,ML,1611523822,18,13.4317,-6.2157,71.91,9.78
Juneau,90,US,1611523822,86,58.3019,-134.4197,33.8,8.05
Mogadishu,91,SO,1611523470,77,2.0371,45.3438,76.95,22.57
Nārāyanganj,90,BD,1611523533,100,23.6233,90.5011,59.0,2.51
Ketchikan,40,US,1611523443,93,55.3422,-131.6461,37.4,3.44
Barra de Tecoanapa,99,MX,1611523823,65,16.5167,-98.75,82.31,8.41
Waingapu,100,ID,1611523562,77,-9.6567,120.2641,77.76,6.51
Pailitas,17,CO,1611523823,43,8.9565,-73.6255,91.47,5.82
Horta,75,PT,1611523823,94,38.5333,-28.6333,64.4,19.57
Aksarayskiy,40,RU,1611523823,86,46.7924,48.0119,30.2,11.18
Sangar,74,RU,1611523823,55,63.9242,127.4739,-57.08,3.42
Black River,20,JM,1611523823,74,18.0264,-77.8487,82.99,19.57
Bonthe,0,SL,1611523824,80,7.5264,-12.505,77.68,8.77
Koksovyy,100,RU,1611523824,98,48.1967,40.5989,30.67,12.59
Navegantes,40,BR,1611523824,89,-26.8989,-48.6542,78.8,9.22
Jishou,100,CN,1611523824,90,28.3167,109.7167,46.31,1.52
Qaqortoq,0,GL,1611523824,31,60.7167,-46.0333,26.6,36.82
Alexandria,40,EG,1611523824,67,31.2156,29.9553,59.0,4.61
Alibag,1,IN,1611523824,56,18.6411,72.8792,73.4,4.61
Sande,47,DE,1611523825,93,53.5049,8.0142,35.01,2.3
